Title,Year_recorded,Year_released,Album,Record_label,Album_type,Track_number,Duration,Songwriter,Lead_vocal,acousticness,danceability,energy,instrumentalness,liveness,loudness,speechiness,tempo,valence,British_charts,Date,UK_peak_pos,WoC,US_cash,US_rec_world,AUS,US,GER,NLD,FRA,SWI,CAN,POL,Certification
19th Nervous Breakdown,1965,1966,Got Live If You Want It!,ABKCO Records / Universal,Live,8,211,Jagger/Richards,Jagger,0.04,0.499,0.8,0.0286,0.224,-8.977,0.0379,96.433,0.829,No,No,No,No,1st,2nd,No,2nd,1st,2nd,19th,No,9th,No,No
100 Years Ago,1972,1973,Goats Head Soup,Interscope / Polydor,Studio,2,238,Jagger/Richards,Jagger,0.935,0.554,0.413,0.000994,0.145,-7.8,0.0276,105.219,0.414,No,No,No,No,No,No,No,No,No,No,No,No,No,No,No
2000 Light Years From Home,1967,1967,Their Satanic Majesties Request,ABKCO Records,Studio,9,285,Jagger/Richards,Jagger,0.0032,0.39,0.621,0.00406,0.149,-13.704,0.049,122.328,0.278,No,No,No,No,No,No,No,No,5th,3rd,No,No,No,No,No
2000 Man,1967,1967,Their Satanic Majesties Request,ABKCO Records,Studio,4,187,Jagger/Richards,Jagger,0.0215,0.456,0.474,0.0245,0.425,-8.098,0.047,122.338,0.563,No,No,No,No,No,No,No,No,No,No,No,No,No,No,No
2120 South Michigan Avenue,1964,1964,12 X 5,ABKCO Records,Studio,7,219,Nanker Phelge[a],instrumental,0.00153,0.618,0.573,0.84,0.0841,-13.167,0.0309,147.195,0.83,No,No,No,No,No,No,No,No,No,No,No,No,No,No,No
Ain't Too Proud To Beg,1973,1974,It's Only Rock 'n' Roll,Virgin,Studio,2,210,Norman Whitfield/Eddie Holland,Jagger,0.686,0.588,0.906,0.0973,0.425,-4.613,0.0441,128.641,0.889,No,No,No,No,15th,23th,No,17th,No,No,11th,No,14th,No,No
All About You,1979,1980,Emotional Rescue,Universal,Studio,10,257,Jagger/Richards,Richards,0.335,0.62,0.384,0.00611,0.147,-9.128,0.0259,86.727,0.224,No,No,No,No,No,No,No,No,No,No,No,No,No,No,No
All Down The Line,1972,1972,Exile on Main St.,Virgin,Studio,15,230,Jagger/Richards,Jagger,0.00154,0.239,0.963,0.47,0.795,-4.126,0.0552,83.126,0.664,No,No,No,No,77th,No,No,No,No,No,No,No,No,No,No
All Of Your Love,2015,2016,Blue & Lonesome,Interscope / Polydor,Studio,4,286,Magic Sam,Jagger,0.459,0.429,0.683,0.462,0.272,-5.046,0.0327,75.68,0.277,No,No,No,No,No,No,No,No,No,No,No,No,No,No,No
All Sold Out,1966,1967,Between the Buttons,ABKCO Records,Studio,7,138,Jagger/Richards,Jagger,0.505,0.691,0.671,4.48e-06,0.107,-9.173,0.0396,117.514,0.769,No,No,No,No,No,No,No,No,No,No,No,No,No,No,No
All The Way Down,1982,1983,Undercover,Universal,Studio,9,194,Jagger/Richards,Jagger,0.21,0.572,0.949,0.776,0.398,-4.83,0.0801,142.84,0.806,No,No,No,No,No,No,No,No,No,No,No,No,No,No,No
Almost Hear You Sigh,1989,1989,Steel Wheels,Virgin,Studio,9,277,Jagger/Richards/Jordan,Jagger,0.275,0.648,0.815,0.000193,0.076,-5.391,0.0232,102.259,0.759,Yes,30.06. 1990,31th,5th,No,No,No,50th,58th,11th,No,No,14th,5th,No
Already Over Me,1997,1997,Bridges to Babylon,Virgin,Studio,4,324,Jagger/Richards,Jagger,0.142,0.48,0.481,0.000269,0.43,-5.823,0.0259,73.188,0.179,No,No,No,No,No,No,No,No,No,No,No,No,No,No,No
Always Suffering,1997,1997,Bridges to Babylon,Virgin,Studio,10,283,Jagger/Richards,Jagger,0.197,0.313,0.506,2.44e-06,0.197,-8.054,0.0312,175.849,0.161,No,No,No,No,No,No,No,No,No,No,No,No,No,No,No
Angie,1972,1973,Goats Head Soup,Interscope / Polydor,Studio,5,272,Jagger/Richards,Jagger,0.444,0.374,0.784,6.83e-05,0.131,-6.621,0.0832,134.467,0.347,Yes,01.09. 1973,5th,10th,1st,1st,No,1st,2nd,1st,1st,1st,1st,No,RIAA: Gold
Anybody Seen My Baby?,1997,1997,Bridges to Babylon,Virgin,Studio,2,271,Jagger/Richards/Lang/Mink,Jagger,0.00286,0.605,0.742,0.00105,0.256,-4.363,0.0327,105.04,0.47,Yes,04.10. 1997,22th,3rd,No,No,No,No,24th,25th,No,26th,1st,1st,No
Around And Around,1964,1964,Love You Live,Virgin,Live,4,232,Chuck Berry,Jagger,0.448,0.312,0.617,9.74e-05,0.274,-11.783,0.0672,183.436,0.789,No,No,No,No,No,No,No,No,No,No,No,No,No,No,No
As Tears Go By,1965,1965,December's Children (And Everybody's),ABKCO Records,Studio,9,166,Jagger/Richards/Loog Oldham,Jagger,0.734,0.375,0.29,0.00169,0.185,-10.889,0.0293,113.163,0.344,No,No,No,No,3rd,6th,No,6th,8th,No,22th,No,1st,No,No
Baby Break It Down,1994,1994,Voodoo Lounge,Virgin,Studio,13,249,Jagger/Richards,Jagger,0.0859,0.427,0.756,2.97e-06,0.137,-5.732,0.0362,199.393,0.745,No,No,No,No,No,No,No,No,No,No,No,No,No,No,No
Back Of My Hand,2004,2005,A Bigger Bang,Virgin,Studio,6,212,Jagger/Richards,Jagger,0.654,0.488,0.674,0.000562,0.363,-6.41,0.0431,85.049,0.425,No,No,No,No,No,No,No,No,No,No,No,No,No,No,No
Back Street Girl,1966,1967,Flowers,ABKCO Records,Compilation,7,206,Jagger/Richards,Jagger,0.0181,0.425,0.236,0.0,0.0936,-12.784,0.0271,154.091,0.519,No,No,No,No,No,No,No,No,No,No,No,No,No,No,No
Back To Zero,1985,1986,Dirty Work,Virgin,Studio,7,240,Jagger/Richards/Leavell,Jagger,0.183,0.676,0.94,0.0187,0.064,-4.472,0.0968,105.383,0.689,No,No,No,No,No,No,No,No,No,No,No,No,No,No,No
Beast Of Burden,1977,1978,Some Girls,Universal,Studio,9,265,Jagger/Richards,Jagger,0.413,0.786,0.87,0.000494,0.0389,-3.875,0.0316,100.66,0.864,No,No,No,No,7th,11th,No,8th,No,No,No,No,9th,No,No
Before They Make Me Run,1978,1978,Some Girls,Universal,Studio,8,204,Jagger/Richards,Richards,0.424,0.598,0.943,0.0153,0.0499,-2.256,0.123,132.596,0.681,No,No,No,No,No,No,No,No,No,No,No,No,No,No,No
Biggest Mistake,2004,2005,A Bigger Bang,Virgin,Studio,8,246,Jagger/Richards,Jagger,0.197,0.563,0.861,0.0,0.231,-3.343,0.0325,113.98,0.807,Yes,02.09. 2006,51th,2nd,No,No,No,No,94th,77th,No,No,No,No,No
Bitch,1970,1971,Sticky Fingers,Virgin,Studio,6,217,Jagger/Richards,Jagger,0.257,0.655,0.972,0.297,0.165,-3.502,0.0362,135.922,0.973,No,No,No,No,No,No,No,No,No,No,No,No,No,No,No
Black Limousine,1980,1981,Tattoo You,Virgin,Studio,5,213,Jagger/Richards/Wood,Jagger,0.152,0.511,0.892,0.262,0.638,-4.701,0.0588,108.959,0.869,No,No,No,No,No,No,No,No,No,No,No,No,No,No,No
Blinded By Love,1989,1989,Steel Wheels,Virgin,Studio,6,276,Jagger/Richards,Jagger,0.0344,0.633,0.769,0.00035,0.124,-6.584,0.0247,112.096,0.767,No,No,No,No,No,No,No,No,No,No,No,No,No,No,No
Blinded By Rainbows,1994,1994,Voodoo Lounge,Virgin,Studio,12,273,Jagger/Richards,Jagger,0.688,0.332,0.472,0.000556,0.116,-8.183,0.0424,89.811,0.261,No,No,No,No,No,No,No,No,No,No,No,No,No,No,No
Blue And Lonesome,2015,2016,Blue & Lonesome,Interscope / Polydor,Studio,3,187,Memphis Slim,Jagger,0.697,0.341,0.833,0.0674,0.355,-3.986,0.0551,57.772,0.594,No,No,No,No,No,No,No,No,No,No,No,No,No,No,No
Blue Turns To Grey,1965,1965,December's Children (And Everybody's),ABKCO Records,Studio,11,149,Jagger/Richards,Jagger,0.177,0.584,0.678,0.00483,0.138,-7.665,0.0292,112.703,0.773,No,No,No,No,No,No,No,No,No,No,No,No,No,No,No
Brand New Car,1994,1994,Voodoo Lounge,Virgin,Studio,9,255,Jagger/Richards,Jagger,0.0117,0.646,0.795,0.000627,0.395,-6.344,0.0532,118.891,0.773,No,No,No,No,No,No,No,No,No,No,No,No,No,No,No
Break The Spell,1989,1989,Steel Wheels,Virgin,Studio,11,187,Jagger/Richards,Jagger,0.0846,0.422,0.918,0.0149,0.379,-7.159,0.0453,193.076,0.78,No,No,No,No,No,No,No,No,No,No,No,No,No,No,No
Brown Sugar,1969,1971,Love You Live,Virgin,Live,6,208,Jagger/Richards,Jagger,0.0169,0.337,0.916,0.00437,0.969,-4.93,0.056,139.64,0.654,Yes,14.07. 1984,58th,4th,2nd,1st,No,1st,4th,1st,2nd,1st,1st,No,UK: Gold
Can You Hear The Music,1973,1973,Goats Head Soup,Interscope / Polydor,Studio,9,331,Jagger/Richards,Jagger,0.155,0.333,0.622,0.00016,0.234,-7.039,0.0281,73.157,0.467,No,No,No,No,No,No,No,No,No,No,No,No,No,No,No
Can't Be Seen,1989,1989,Flashpoint,Virgin,Live,9,257,Jagger/Richards,Richards,0.0486,0.507,0.973,0.000356,0.351,-4.395,0.0374,142.408,0.867,No,No,No,No,No,No,No,No,No,No,No,No,No,No,No
Can't You Hear Me Knocking,1970,1971,Sticky Fingers,Virgin,Studio,4,436,Jagger/Richards,Jagger,0.408,0.545,0.757,0.045,0.16,-5.228,0.0396,152.217,0.714,No,No,No,No,No,No,No,No,No,No,No,No,No,No,No
Carol,1964,1964,Get Yer Ya-Ya's Out!,ABKCO Records,Live,2,226,Chuck Berry,Jagger,0.186,0.502,0.92,0.00512,0.314,-9.044,0.046,177.478,0.97,No,No,No,No,No,No,No,No,No,No,9th,No,No,No,No
Casino Boogie,1971,1972,Exile on Main St.,Virgin,Studio,4,214,Jagger/Richards,"Jagger, Richards",0.374,0.53,0.691,0.111,0.29,-5.409,0.0307,117.046,0.581,No,No,No,No,No,No,No,No,No,No,No,No,No,No,No
Champagne And Reefer ,2006,2008,Shine a Light,Interscope,Live,10,358,Muddy Waters,Jagger,0.187,0.522415777,0.769,0.00691,0.2045,-6.493,0.0429,118.944,0.668,No,No,No,No,No,No,No,No,No,No,No,No,No,No,No
Cherry Oh Baby,1975,1976,Black and Blue,Virgin,Studio,3,236,Eric Donaldson,Jagger,0.164,0.835,0.421,0.00307,0.028,-8.484,0.0787,144.024,0.963,No,No,No,No,No,No,No,No,No,No,No,No,No,No,No
Citadel,1967,1967,Their Satanic Majesties Request,ABKCO Records,Studio,2,170,Jagger/Richards,Jagger,0.0653,0.253,0.586,6.73e-05,0.1,-10.291,0.0394,115.397,0.64,No,No,No,No,No,No,No,No,No,No,No,No,No,No,No
Coming Down Again,1972,1973,Goats Head Soup,Interscope / Polydor,Studio,3,354,Jagger/Richards,Richards,0.76,0.483,0.397,0.519,0.111,-8.76,0.0308,71.902,0.384,No,No,No,No,No,No,No,No,No,No,No,No,No,No,No
Commit A Crime,2015,2016,Blue & Lonesome,Interscope / Polydor,Studio,2,218,Howlin' Wolf,Jagger,0.23,0.563,0.802,0.667,0.534,-4.496,0.0311,124.123,0.777,No,No,No,No,No,No,No,No,No,No,No,No,No,No,No
Complicated,1966,1967,Between the Buttons,ABKCO Records,Studio,10,196,Jagger/Richards,Jagger,0.154,0.639,0.69,3.13e-05,0.113,-12.348,0.0369,145.972,0.829,No,No,No,No,No,No,No,No,No,No,No,No,No,No,No
Confessin' The Blues,1964,1964,12 X 5,ABKCO Records,Studio,2,168,Jay McShann/Walter Brown,Jagger,0.176,0.501,0.542,0.00043,0.372,-10.616,0.0374,116.925,0.759,No,No,No,No,No,No,No,No,No,No,No,No,No,No,No
Congratulations,1964,1964,12 X 5,ABKCO Records,Studio,9,149,Jagger/Richards,Jagger,0.206,0.59,0.568,0.0126,0.163,-9.282,0.0341,98.376,0.682,No,No,No,No,No,No,No,No,No,No,No,No,No,No,No
Connection,1966,1967,Between the Buttons,ABKCO Records,Studio,4,130,Jagger/Richards,"Jagger, Richards",0.195,0.664,0.708,3.45e-05,0.333,-11.831,0.0478,86.535,0.539,No,No,No,No,No,No,No,No,No,No,No,No,No,No,No
Continental Drift,1989,1989,Flashpoint,Virgin,Live,1,28,Jagger/Richards,Jagger,0.0123,0.326,0.878,0.383,0.307,-7.672,0.0569,127.125,0.756,No,No,No,No,No,No,No,No,No,No,No,No,No,No,No
"Cool, Calm & Collected",1966,1967,Between the Buttons,ABKCO Records,Studio,6,259,Jagger/Richards,Jagger,0.187,0.522415777,0.769,0.00691,0.2045,-6.493,0.0429,118.944,0.668,No,No,No,No,No,No,No,No,No,No,No,No,No,No,No
Corinna ,1997,1998,No Security,Virgin,Live,6,257,Taj Mahal/Jesse Ed Davis III,"Jagger, Taj Mahal",0.187,0.522415777,0.769,0.00691,0.2045,-6.493,0.0429,118.944,0.668,No,No,No,No,No,No,No,No,No,No,No,No,No,No,No
Country Honk,1969,1969,Let It Bleed,ABKCO Records,Studio,3,187,Jagger/Richards,Jagger,0.685,0.538,0.751,7.47e-06,0.328,-10.988,0.0579,121.006,0.892,No,No,No,No,No,No,No,No,No,No,No,No,No,No,No
Crackin' Up ,1977,1977,Love You Live,Virgin,Live,2,344,Bo Diddley,Jagger,0.496,0.654,0.763,0.0545,0.58,-7.108,0.0947,105.342,0.939,No,No,No,No,No,No,No,No,No,No,No,No,No,No,No
Crazy Mama,1975,1976,Black and Blue,Virgin,Studio,8,275,Jagger/Richards,Jagger,0.214,0.389,0.909,0.00376,0.415,-3.705,0.0397,112.498,0.781,No,No,No,No,No,No,No,No,No,No,No,No,No,No,No
Cry To Me,1965,1965,Out of Our Heads,ABKCO Records,Studio,8,189,Bert Berns,Jagger,0.125,0.348,0.641,0.189,0.17,-10.159,0.0406,182.276,0.522,No,No,No,No,No,No,No,No,No,No,No,No,No,No,No
Dance (Pt. 1),1979,1980,Emotional Rescue,Universal,Studio,1,263,Jagger/Richards/Wood,Jagger,0.333,0.748,0.834,0.518,0.0582,-8.281,0.033,107.428,0.925,No,No,No,No,No,No,No,No,No,No,No,No,No,No,No
Dance Little Sister,1974,1974,It's Only Rock 'n' Roll,Virgin,Studio,7,251,Jagger/Richards,Jagger,0.00648,0.46,0.961,0.182,0.27,-4.254,0.0817,152.776,0.893,No,No,No,No,No,No,No,No,No,No,19th,No,No,No,No
Dancing With Mr. D,1972,1973,Goats Head Soup,Interscope / Polydor,Studio,1,292,Jagger/Richards,Jagger,0.562,0.564,0.924,0.649,0.403,-3.585,0.0345,106.022,0.903,No,No,No,No,No,No,No,No,No,No,No,No,No,No,No
Dead Flowers,1969,1971,Sticky Fingers,Virgin,Studio,9,245,Jagger/Richards,Jagger,0.33,0.54,0.862,1.7e-05,0.156,-4.599,0.0284,130.34,0.931,No,No,No,No,No,No,No,No,No,No,No,No,No,No,No
Dear Doctor,1968,1968,Beggars Banquet,ABKCO Records,Studio,3,202,Jagger/Richards,Jagger,0.187,0.601,0.463,0.0,0.132,-8.671,0.0318,126.183,0.526,No,No,No,No,No,No,No,No,No,No,No,No,No,No,No
Dirty Work,1985,1986,Dirty Work,Virgin,Studio,8,233,Jagger/Richards/Wood,Jagger,0.086,0.431,0.975,0.00497,0.0878,-3.972,0.191,175.355,0.609,No,No,No,No,No,No,No,No,No,No,No,No,No,No,No
Doncha Bother Me,1965,1966,Aftermath,ABKCO Records,Studio,5,154,Jagger/Richards,Jagger,0.558,0.557,0.827,0.00563,0.109,-11.175,0.0541,123.09,0.79,No,No,No,No,No,No,No,No,No,No,No,No,No,No,No
Doo Doo Doo Doo Doo (Heartbreaker),1972,1973,Goats Head Soup,Interscope / Polydor,Studio,4,206,Jagger/Richards,Jagger,0.0765,0.319,0.925,0.000558,0.932,-5.584,0.088,125.335,0.532,No,No,No,No,10th,11th,No,15th,No,No,No,No,5th,No,No
Down Home Girl,1964,1965,"The Rolling Stones, Now!",ABKCO Records,Studio,2,253,Jerry Leiber/Artie Butler,Jagger,0.672,0.675,0.782,0.692,0.0825,-8.204,0.0276,115.855,0.835,No,No,No,No,No,No,No,No,No,No,No,No,No,No,No
Down In The Hole,1979,1980,Emotional Rescue,Universal,Studio,7,238,Jagger/Richards,Jagger,0.0119,0.293,0.712,0.902,0.348,-6.122,0.0908,186.898,0.249,No,No,No,No,No,No,No,No,No,No,No,No,No,No,No
Down The Road A Piece,1964,1965,"The Rolling Stones, Now!",ABKCO Records,Studio,7,176,Don Raye,Jagger,0.187,0.522415777,0.769,0.00691,0.2045,-6.493,0.0429,118.944,0.668,No,No,No,No,No,No,No,No,No,No,No,No,No,No,No
Driving Too Fast,2005,2005,A Bigger Bang,Virgin,Studio,15,236,Jagger/Richards,Jagger,0.0211,0.472,0.978,0.0,0.268,-2.529,0.0937,142.332,0.657,No,No,No,No,No,No,No,No,No,No,No,No,No,No,No
Emotional Rescue,1979,1980,Emotional Rescue,Universal,Studio,8,339,Jagger/Richards,Jagger,0.111,0.678,0.621,0.0973,0.0394,-5.478,0.0623,113.389,0.776,Yes,05.07. 1980,9th,8th,No,No,8th,3rd,15th,5th,15th,11th,1st,No,No
Empty Heart,1964,1964,12 X 5,ABKCO Records,Studio,3,158,Nanker Phelge[a],Jagger,0.0104,0.504,0.679,0.0,0.0717,-10.36,0.0399,140.624,0.96,No,No,No,No,No,No,No,No,No,No,No,No,No,No,No
Everybody Knows About My Good Thing,2015,2016,Blue & Lonesome,Interscope / Polydor,Studio,6,270,Miles Grayson/Lermon Horton,Jagger,0.248,0.28,0.84,0.228,0.366,-3.497,0.0728,199.771,0.476,No,No,No,No,No,No,No,No,No,No,No,No,No,No,No
Everybody Needs Somebody To Love,1964,1965,"The Rolling Stones, Now!",ABKCO Records,Studio,1,180,Jerry Wexler/Bert Berns/Solomon Burke,Jagger,0.273,0.531,0.744,0.00318,0.128,-7.58,0.07,177.862,0.778,No,No,No,No,No,No,No,No,No,No,No,No,No,No,No
Factory Girl,1968,1968,Beggars Banquet,ABKCO Records,Studio,9,129,Jagger/Richards,Jagger,0.422,0.533,0.434,0.0,0.176,-11.685,0.036,111.755,0.464,No,No,No,No,No,No,No,No,No,No,No,No,No,No,No
Far Away Eyes,1977,1978,Shine a Light,Interscope,Live,9,277,Jagger/Richards,Jagger,0.538,0.663,0.612,0.00743,0.232,-5.633,0.0281,94.669,0.718,No,No,No,No,No,No,No,No,No,No,No,No,No,No,No
Feel On Baby,1983,1983,Undercover,Universal,Studio,5,306,Jagger/Richards,Jagger,0.0663,0.72,0.817,0.219,0.0608,-6.554,0.0405,131.006,0.966,No,No,No,No,No,No,No,No,No,No,No,No,No,No,No
Fight,1985,1986,Dirty Work,Virgin,Studio,2,190,Jagger/Richards/Wood,Jagger,0.296,0.45,0.994,0.0328,0.936,-2.702,0.0594,157.766,0.476,No,No,No,No,No,No,No,No,No,No,No,No,No,No,No
Fingerprint File,1974,1974,It's Only Rock 'n' Roll,Virgin,Studio,10,393,Jagger/Richards,Jagger,0.208,0.638,0.782,0.0607,0.274,-7.04,0.0515,104.716,0.854,No,No,No,No,No,No,No,No,No,No,No,No,No,No,No
Flight 505,1965,1966,Aftermath,ABKCO Records,Studio,7,205,Jagger/Richards,Jagger,0.0567,0.564,0.671,0.0222,0.33,-11.141,0.0471,134.083,0.873,No,No,No,No,No,No,No,No,No,No,No,No,No,No,No
Flip The Switch,1997,1997,No Security,Virgin,Live,4,252,Jagger/Richards,Jagger,0.000119,0.388,0.928,0.00162,0.364,-4.504,0.0495,163.15,0.594,No,No,No,No,No,No,No,No,No,No,No,No,26th,No,No
Fool To Cry,1974,1976,Black and Blue,Virgin,Studio,7,306,Jagger/Richards,Jagger,0.892,0.444,0.454,0.0546,0.114,-7.434,0.0419,67.848,0.236,Yes,01.05. 1976,6th,10th,9th,23th,No,10th,No,8th,2nd,No,11th,No,No
Fortune Teller,1963,1966,Got Live If You Want It!,ABKCO Records / Universal,Live,6,117,Allen Toussaint (under the pseudonym Naomi Neville),Jagger,0.003885,0.3325,0.9905,1.55e-05,0.2045,-7.3575,0.145,173.877,0.27,No,No,No,No,No,No,No,No,No,No,No,No,No,No,No
Get Off Of My Cloud,1965,1965,Got Live If You Want It!,ABKCO Records / Universal,Live,2,174,Jagger/Richards,Jagger,0.0321,0.578,0.879,0.675,0.0617,-8.676,0.0565,126.116,0.871,Yes,03.11. 1965,1st,12th,1st,2nd,No,1st,1st,3rd,7th,No,1st,No,No
Going Home,1965,1966,Aftermath,ABKCO Records,Studio,11,695,Jagger/Richards,Jagger,0.069,0.513,0.513,0.0865,0.21,-13.006,0.051,130.711,0.456,No,No,No,No,No,No,No,No,No,No,No,No,No,No,No
Going To A Go-Go ,1981,1982,Still Life,Virgin,Live,6,201,Smokey Robinson/Pete Moore/Bobby Rogers/Marvin Tarplin,Jagger,0.187,0.522415777,0.769,0.00691,0.2045,-6.493,0.0429,118.944,0.668,No,No,No,No,No,No,48th,25th,No,3rd,No,9th,4th,No,No
Gomper,1967,1967,Their Satanic Majesties Request,ABKCO Records,Studio,8,308,Jagger/Richards,Jagger,0.774,0.366,0.514,0.607,0.165,-12.395,0.0377,134.402,0.241,No,No,No,No,No,No,No,No,No,No,No,No,No,No,No
Good Times,1965,1965,Out of Our Heads,ABKCO Records,Studio,5,119,Sam Cooke,Jagger,0.0736,0.663,0.551,0.00136,0.207,-10.317,0.0391,126.251,0.748,No,No,No,No,No,No,No,No,No,No,No,No,No,No,No
"Good Times, Bad Times",1964,1964,12 X 5,ABKCO Records,Studio,5,151,Jagger/Richards,Jagger,0.0672,0.677,0.512,0.00691,0.0945,-9.561,0.0286,98.888,0.668,No,No,No,No,No,No,No,No,No,No,No,No,No,No,No
Gotta Get Away,1965,1965,December's Children (And Everybody's),ABKCO Records,Studio,10,127,Jagger/Richards,Jagger,0.0693,0.666,0.55,0.574,0.142,-8.296,0.0326,112.947,0.699,No,No,No,No,No,No,No,No,No,No,No,No,No,No,No
Grown Up Wrong,1964,1964,The Rolling Stones No.2,Decca,Studio,6,110,Jagger/Richards,Jagger,0.137,0.528,0.545,3.59e-05,0.283,-9.329,0.0412,160.194,0.315,No,No,No,No,No,No,No,No,No,No,No,No,No,No,No
Gunface,1997,1997,Bridges to Babylon,Virgin,Studio,5,302,Jagger/Richards,Jagger,0.000932,0.491,0.905,0.000253,0.0578,-4.511,0.0571,98.459,0.618,No,No,No,No,No,No,No,No,No,No,No,No,No,No,No
Had It With You,1985,1986,Dirty Work,Virgin,Studio,9,200,Jagger/Richards/Wood,Jagger,0.381,0.532,0.987,0.576,0.0655,-2.799,0.229,169.122,0.416,No,No,No,No,No,No,No,No,No,No,No,No,No,No,No
Hand Of Fate,1974,1975,Black and Blue,Virgin,Studio,2,268,Jagger/Richards,Jagger,0.0698,0.62,0.822,0.0752,0.249,-4.097,0.0276,116.069,0.712,No,No,No,No,No,No,No,No,No,No,No,No,No,No,No
Hang Fire,1981,1981,Tattoo You,Virgin,Studio,2,140,Jagger/Richards,Jagger,0.0299,0.461,0.906,0.0104,0.319,-4.369,0.0356,152.206,0.939,No,No,No,No,No,No,99th,20th,No,No,No,No,No,No,No
Happy,1971,1972,Exile on Main St.,Virgin,Studio,10,185,Jagger/Richards,Richards,0.0314,0.353,0.955,0.0014,0.952,-3.751,0.0568,143.025,0.685,No,No,No,No,14th,12th,No,22th,No,No,5th,No,9th,No,No
Harlem Shuffle,1985,1986,Dirty Work,Virgin,Studio,3,205,Bob Relf/Ernest Nelson,Jagger,0.107,0.75,0.951,0.0627,0.224,-3.46,0.0796,121.734,0.719,Yes,15.03. 1986,13th,8th,No,No,6th,5th,11th,5th,28th,10th,2nd,24th,No
Hate To See You Go,2015,2016,Blue & Lonesome,Interscope / Polydor,Studio,8,200,Little Walter,Jagger,0.399,0.418,0.828,0.669,0.146,-5.173,0.122,184.436,0.376,No,No,No,No,No,No,No,No,No,No,No,No,No,No,No
"Have You Seen Your Mother, Baby, Standing In The Shadow?",1966,1966,Flowers,ABKCO Records,Compilation,2,155,Jagger/Richards,Jagger,0.283,0.373,0.834,0.769,0.235,-5.49,0.0366,100.54,0.486,No,No,No,No,4th,3rd,No,9th,9th,3rd,22th,No,8th,No,No
Heart Of Stone,1964,1964,"The Rolling Stones, Now!",ABKCO Records,Studio,4,169,Jagger/Richards,Jagger,0.188,0.381,0.585,0.0499,0.0739,-11.286,0.0394,187.442,0.586,No,No,No,No,16th,15th,No,19th,No,6th,24th,15th,No,No,No
Hearts For Sale,1989,1989,Steel Wheels,Virgin,Studio,5,280,Jagger/Richards,Jagger,0.129,0.587,0.956,0.00193,0.337,-4.613,0.0514,123.577,0.606,No,No,No,No,No,No,No,No,No,No,No,No,No,No,No
Heaven,1981,1981,Tattoo You,Virgin,Studio,9,262,Jagger/Richards,Jagger,0.222,0.617,0.459,0.0415,0.285,-9.292,0.0368,114.497,0.119,No,No,No,No,No,No,No,No,No,No,No,No,No,No,No
Hey Negrita,1975,1975,Black and Blue,Virgin,Studio,5,299,Jagger/Richards,Jagger,0.319,0.695,0.753,0.000685,0.0624,-5.164,0.0388,85.184,0.798,No,No,No,No,No,No,No,No,No,No,No,No,No,No,No
Hide Your Love,1973,1973,Goats Head Soup,Interscope / Polydor,Studio,7,251,Jagger/Richards,Jagger,0.173,0.441,0.823,0.75,0.244,-5.4,0.053,108.276,0.689,No,No,No,No,No,No,No,No,No,No,No,No,No,No,No
High And Dry,1966,1966,Aftermath,ABKCO Records,Studio,8,186,Jagger/Richards,Jagger,0.0534,0.56,0.5,0.00872,0.242,-13.544,0.0443,114.032,0.772,No,No,No,No,No,No,No,No,No,No,No,No,No,No,No
Highwire,1991,1991,Flashpoint,Virgin,Live,16,286,Jagger/Richards,Jagger,0.02105,0.4545,0.9185,0.006295,0.0523,-4.671,0.04405,126.792,0.812,Yes,30.03. 1991,29th,4th,No,No,54th,57th,27th,6th,28th,14th,10th,27th,No
Hitch Hike,1965,1965,Out of Our Heads,ABKCO Records,Studio,2,146,"Marvin Gaye/William ""Mickey"" Stevenson/Clarence Paul",Jagger,0.34,0.747,0.835,0.733,0.0281,-7.04,0.0324,123.456,0.963,No,No,No,No,No,No,No,No,No,No,No,No,No,No,No
Hold Back,1985,1986,Dirty Work,Virgin,Studio,4,232,Jagger/Richards,Jagger,0.00569,0.51,0.996,0.0025,0.343,-2.864,0.125,144.515,0.417,No,No,No,No,No,No,No,No,No,No,No,No,No,No,No
Hold On To Your Hat,1989,1989,Steel Wheels,Virgin,Studio,4,212,Jagger/Richards,Jagger,0.312,0.24,0.984,0.349,0.498,-3.495,0.115,189.6,0.413,No,No,No,No,No,No,No,No,No,No,No,No,No,No,No
Honky Tonk Women,1969,1969,Get Yer Ya-Ya's Out!,ABKCO Records,Live,9,214,Jagger/Richards,Jagger,0.00948,0.343,0.974,0.00178,0.748,-3.69,0.0638,122.223,0.81,Yes,15.07. 1969,1st,17th,1st,1st,No,1st,2nd,4th,13th,1st,2nd,No,RIAA: Gold
Hoo Doo Blues,2015,2016,Blue & Lonesome,Interscope / Polydor,Studio,9,156,Otis Hicks/Jerry West,Jagger,0.358,0.461,0.74,0.138,0.301,-4.961,0.0387,70.003,0.597,No,No,No,No,No,No,No,No,No,No,No,No,No,No,No
Hot Stuff,1975,1976,Black and Blue,Virgin,Studio,1,321,Jagger/Richards,Jagger,0.278,0.788,0.768,0.000161,0.0654,-7.25,0.0601,100.118,0.852,No,No,No,No,60th,No,No,49th,No,No,No,No,No,No,No
How Can I Stop,1997,1997,Bridges to Babylon,Virgin,Studio,13,413,Jagger/Richards,Richards,0.705,0.546,0.314,0.00689,0.199,-10.795,0.0262,139.413,0.167,No,No,No,No,No,No,No,No,No,No,No,No,No,No,No
I Am Waiting,1965,1966,Aftermath,ABKCO Records,Studio,10,190,Jagger/Richards,Jagger,0.564,0.63,0.384,5.49e-05,0.0993,-14.651,0.0394,88.586,0.614,No,No,No,No,No,No,No,No,No,No,No,No,No,No,No
I Can't Be Satisfied,1964,1965,The Rolling Stones No.2,Decca,Studio,9,206,Muddy Waters,Jagger,0.137,0.485,0.525,0.0146,0.314,-10.585,0.0616,198.549,0.583,No,No,No,No,No,No,No,No,No,No,No,No,No,No,No
I Can't Quit You Baby,2015,2016,Blue & Lonesome,Interscope / Polydor,Studio,12,313,Willie Dixon,Jagger,0.226,0.328,0.711,0.0172,0.0669,-5.037,0.0455,182.5,0.17,No,No,No,No,No,No,No,No,No,No,No,No,No,No,No
I Go Wild,1993,1994,Voodoo Lounge,Virgin,Studio,8,264,Jagger/Richards,Jagger,0.0324,0.482,0.975,0.0199,0.31,-3.096,0.0977,108.974,0.47,Yes,15.07. 1995,29th,3rd,No,No,No,No,61th,48th,No,No,44th,No,No
I Got The Blues,1970,1971,Sticky Fingers,Virgin,Studio,7,235,Jagger/Richards,Jagger,0.467,0.442,0.382,0.0216,0.121,-5.295,0.0317,119.947,0.199,No,No,No,No,No,No,No,No,No,No,No,No,No,No,No
I Gotta Go,2015,2016,Blue & Lonesome,Interscope / Polydor,Studio,5,206,Little Walter,Jagger,0.469,0.579,0.872,0.00286,0.087,-3.102,0.0795,120.033,0.505,No,No,No,No,No,No,No,No,No,No,No,No,No,No,No
I Just Want To See His Face,1971,1972,Exile on Main St.,Virgin,Studio,13,173,Jagger/Richards,Jagger,0.689,0.654,0.542,0.584,0.204,-14.696,0.0419,78.015,0.877,No,No,No,No,No,No,No,No,No,No,No,No,No,No,No
I'm Alright ,1965,1965,Got Live If You Want It!,ABKCO Records / Universal,Live,10,146,Bo Diddley,"Jagger, Richards",5.81e-05,0.426,0.824,0.716,0.946,-9.782,0.0502,118.944,0.612,No,No,No,No,No,No,No,No,No,No,No,No,No,No,No
I'm Free,1965,1965,December's Children (And Everybody's),ABKCO Records,Studio,8,144,Jagger/Richards,Jagger,0.197,0.64,0.443,0.0397,0.435,-10.652,0.031,118.71,0.582,No,No,No,No,No,No,No,No,No,No,No,No,No,No,No
I'm Moving On ,1965,1965,December's Children (And Everybody's),ABKCO Records,Studio,12,133,Hank Snow,Jagger,0.187,0.522415777,0.769,0.00691,0.2045,-6.493,0.0429,118.944,0.668,No,No,No,No,No,No,No,No,No,No,No,No,No,No,No
I've Been Loving You Too Long,1965,1966,Got Live If You Want It!,ABKCO Records / Universal,Live,5,175,Otis Redding/Jerry Butler,Jagger,0.418333333,0.289,0.561666667,0.113667143,0.437,-9.457666667,0.046633333,139.8973333,0.0427,No,No,No,No,No,No,No,No,No,No,No,No,No,No,No
If You Can't Rock Me,1973,1974,It's Only Rock 'n' Roll,Virgin,Studio,1,227,Jagger/Richards,Jagger,0.00132,0.522,0.932,0.000219,0.362,-4.215,0.0324,125.554,0.951,No,No,No,No,No,No,No,No,No,No,No,No,No,No,No
If You Need Me,1964,1964,12 X 5,ABKCO Records,Studio,11,125,Wilson Pickett/Robert Bateman,Jagger,0.491,0.522,0.532,0.000107,0.135,-10.41,0.0247,98.553,0.683,No,No,No,No,No,No,No,No,No,No,No,No,No,No,No
If You Really Want To Be My Friend,1973,1974,It's Only Rock 'n' Roll,Virgin,Studio,8,377,Jagger/Richards,Jagger,0.531,0.43,0.652,0.000358,0.068,-5.023,0.0357,148.922,0.366,No,No,No,No,No,No,No,No,No,No,No,No,No,No,No
In Another Land,1967,1967,Their Satanic Majesties Request,ABKCO Records,Studio,3,195,Bill Wyman,Wyman,0.593,0.305,0.52,0.000232,0.38,-12.859,0.0395,98.078,0.36,No,No,No,No,62th,No,No,87th,No,No,No,No,No,No,No
Indian Girl,1979,1980,Emotional Rescue,Universal,Studio,5,263,Jagger/Richards,Jagger,0.0478,0.735,0.494,0.0217,0.161,-5.93,0.039,97.538,0.467,No,No,No,No,No,No,No,No,No,No,No,No,No,No,No
Infamy,2005,2005,A Bigger Bang,Virgin,Studio,16,227,Jagger/Richards,Richards,0.349,0.7,0.706,0.0,0.0779,-4.455,0.0384,108.974,0.915,No,No,No,No,No,No,No,No,No,No,No,No,No,No,No
It Must Be Hell,1983,1983,Undercover,Universal,Studio,10,304,Jagger/Richards,Jagger,0.156,0.602,0.912,0.716,0.351,-4.309,0.0596,114.406,0.726,No,No,No,No,No,No,No,No,No,No,No,No,No,No,No
It Won't Take Long,2004,2005,A Bigger Bang,Virgin,Studio,3,234,Jagger/Richards,Jagger,0.0199,0.474,0.927,1.46e-05,0.113,-3.579,0.068,117.37,0.576,No,No,No,No,No,No,No,No,No,No,No,No,No,No,No
It's All Over Now,1964,1964,12 X 5,ABKCO Records,Studio,6,207,Bobby Womack/Shirley Womack,Jagger,0.0296,0.6,0.702,5.27e-06,0.329,-10.56,0.0311,99.143,0.716,Yes,08.07. 1964,1st,15th,25th,33th,No,26th,14th,1st,7th,No,26th,No,No
It's Not Easy,1965,1966,Aftermath,ABKCO Records,Studio,9,170,Jagger/Richards,Jagger,0.678,0.646,0.831,2.71e-05,0.571,-11.085,0.0507,135.598,0.811,No,No,No,No,No,No,No,No,No,No,No,No,No,No,No
It's Only Rock 'N Roll (But I Like It),1973,1974,Love You Live,Virgin,Live,5,269,Jagger/Richards,Jagger,0.187,0.522415777,0.769,0.00691,0.2045,-6.493,0.0429,118.944,0.668,No,No,No,No,18th,11th,No,16th,36th,17th,3rd,No,12th,No,No
Jig-Saw Puzzle,1968,1968,Beggars Banquet,ABKCO Records,Studio,5,366,Jagger/Richards,Jagger,0.356,0.399,0.645,4.75e-06,0.0938,-10.785,0.0467,113.728,0.785,No,No,No,No,No,No,No,No,No,No,No,No,No,No,No
Just Like I Treat You,2015,2016,Blue & Lonesome,Interscope / Polydor,Studio,11,204,Willie Dixon,Jagger,0.303,0.59,0.905,0.00802,0.176,-3.631,0.0424,107.307,0.626,No,No,No,No,No,No,No,No,No,No,No,No,No,No,No
Just My Imagination (Running Away With Me),1977,1978,Some Girls,Universal,Studio,3,278,Norman Whitfield/Barrett Strong,Jagger,0.521,0.452,0.911,0.379,0.322,-2.499,0.064,112.544,0.845,No,No,No,No,No,No,No,No,No,No,No,No,No,No,No
Just Your Fool,2015,2016,Blue & Lonesome,Interscope / Polydor,Studio,1,136,Buddy Johnson,Jagger,0.329,0.547,0.903,0.216,0.388,-3.832,0.0579,116.152,0.842,No,No,No,No,No,No,No,No,No,No,No,No,No,No,No
Key To The Highway,1985,1986,Dirty Work,Virgin,Studio,11,33,Big Bill Broonzy/Charles Segar,instrumental,0.994,0.596,0.129,0.848,0.132,-24.466,0.16,102.803,0.461,No,No,No,No,No,No,No,No,No,No,No,No,No,No,No
Lady Jane,1966,1966,Flowers,ABKCO Records,Compilation,4,188,Jagger/Richards,Jagger,0.572,0.334,0.312,2.76e-05,0.0749,-16.304,0.0454,205.687,0.296,No,No,No,No,No,No,No,No,No,No,No,No,No,No,No
The Lantern,1967,1967,Their Satanic Majesties Request,ABKCO Records,Studio,7,263,Jagger/Richards,Jagger,0.54,0.409,0.371,0.0072,0.0873,-13.741,0.0321,98.228,0.3,No,No,No,No,No,No,No,No,No,No,No,No,No,No,No
"Laugh, I Nearly Died",2005,2005,A Bigger Bang,Virgin,Studio,12,294,Jagger/Richards,Jagger,0.142,0.723,0.606,6.87e-06,0.089,-4.568,0.0359,75.028,0.296,No,No,No,No,No,No,No,No,No,No,No,No,No,No,No
Let It Bleed,1969,1969,Let It Bleed,ABKCO Records,Studio,5,327,Jagger/Richards,Jagger,0.451,0.564,0.674,0.00348,0.255,-8.177,0.0292,116.266,0.817,No,No,No,No,No,No,No,No,No,No,No,No,No,No,No
Let It Loose,1971,1972,Exile on Main St.,Virgin,Studio,14,318,Jagger/Richards,Jagger,0.869,0.352,0.656,0.8,0.221,-5.721,0.0289,76.121,0.363,No,No,No,No,No,No,No,No,No,No,No,No,No,No,No
Let Me Down Slow,2004,2005,A Bigger Bang,Virgin,Studio,2,256,Jagger/Richards,Jagger,0.0225,0.501,0.956,0.000213,0.49,-3.432,0.0571,140.469,0.759,No,No,No,No,No,No,No,No,No,No,No,No,No,No,No
Let Me Go,1979,1980,Still Life,Virgin,Live,7,211,Jagger/Richards,Jagger,0.00928,0.564,0.961,0.0343,0.146,-4.358,0.0644,148.502,0.865,No,No,No,No,No,No,No,No,No,No,No,No,No,No,No
Let's Spend The Night Together,1966,1967,Flowers,ABKCO Records,Compilation,3,218,Jagger/Richards,Jagger,0.675,0.56,0.79,0.0,0.214,-7.677,0.049,140.814,0.589,Yes,25.01. 1967,3rd,10th,No,No,No,No,1st,2nd,3rd,No,No,No,No
Lies,1977,1978,Some Girls,Universal,Studio,5,191,Jagger/Richards,Jagger,0.441,0.388,0.997,0.941,0.472,-1.426,0.197,162.415,0.535,No,No,No,No,No,No,No,No,No,No,No,No,No,No,No
Like A Rolling Stone ,1995,1995,Stripped,Virgin,Live,2,338,Bob Dylan,Jagger,0.187,0.522415777,0.769,0.00691,0.2045,-6.493,0.0429,118.944,0.668,No,No,No,No,No,No,No,No,48th,10th,45th,No,15th,No,No
Little Baby ,1995,1995,Stripped,Virgin,Live,14,240,Willie Dixon,Jagger,0.187,0.522415777,0.769,0.00691,0.2045,-6.493,0.0429,118.944,0.668,No,No,No,No,No,No,No,No,No,No,No,No,No,No,No
Little Queenie ,1969,1970,Get Yer Ya-Ya's Out!,ABKCO Records,Live,8,273,Chuck Berry,Jagger,0.151,0.495,0.811,0.785,0.66,-6.879,0.0392,126.69,0.964,No,No,No,No,No,No,No,No,19th,12th,No,5th,No,No,No
Little Rain,2015,2016,Blue & Lonesome,Interscope / Polydor,Studio,10,212,Ewart G.Abner Jr./Jimmy Reed,Jagger,0.844,0.432,0.384,0.0471,0.102,-6.894,0.0279,94.38,0.168,No,No,No,No,No,No,No,No,No,No,No,No,No,No,No
Little Red Rooster,1964,1964,Love You Live,Virgin,Live,3,273,Willie Dixon,Jagger,0.0761,0.732,0.447,0.0506,0.0988,-11.76,0.0432,109.313,0.709,Yes,25.11. 1964,1st,12th,No,No,No,No,14th,4th,21th,No,No,No,No
Little T&A,1979,1981,Tattoo You,Virgin,Studio,4,203,Jagger/Richards,Richards,0.132,0.53,0.888,0.0321,0.425,-5.128,0.0282,136.123,0.833,No,No,No,No,No,No,No,No,No,No,No,No,No,No,No
Live With Me,1969,1969,Get Yer Ya-Ya's Out!,ABKCO Records,Live,7,182,Jagger/Richards,Jagger,0.00908,0.673,0.624,0.0296,0.0849,-9.901,0.038,129.618,0.931,No,No,No,No,No,No,No,No,No,No,21th,No,No,No,No
Look What The Cat Dragged In,2004,2005,A Bigger Bang,Virgin,Studio,14,237,Jagger/Richards,Jagger,0.00885,0.506,0.98,0.00332,0.138,-2.494,0.145,117.003,0.556,No,No,No,No,No,No,No,No,No,No,No,No,No,No,No
Look What You've Done,1964,1965,December's Children (And Everybody's),ABKCO Records,Studio,4,136,Muddy Waters,Jagger,0.493,0.576,0.569,0.288,0.561,-9.475,0.0507,98.239,0.742,No,No,No,No,No,No,No,No,No,No,No,No,No,No,No
Love In Vain,1969,1969,Get Yer Ya-Ya's Out!,ABKCO Records,Live,4,296,Robert Johnson,Jagger,0.272,0.367,0.474,0.0177,0.113,-11.706,0.0331,184.452,0.314,No,No,No,No,No,No,No,No,No,No,No,No,No,No,No
Love Is Strong,1993,1994,Voodoo Lounge,Virgin,Studio,1,230,Jagger/Richards,Jagger,0.0169,0.53,0.855,0.238,0.0628,-5.116,0.0461,110.14,0.511,Yes,16.07. 1994,14th,5th,No,No,No,91th,40th,6th,No,29th,2nd,28th,No
Loving Cup,1971,1972,Exile on Main St.,Virgin,Studio,9,265,Jagger/Richards,Jagger,0.636,0.471,0.843,0.0402,0.773,-5.702,0.041,156.695,0.632,No,No,No,No,No,No,No,No,No,No,No,No,No,No,No
Low Down,1997,1997,Bridges to Babylon,Virgin,Studio,3,265,Jagger/Richards,Jagger,0.00296,0.476,0.943,7.76e-06,0.146,-4.058,0.0511,116.263,0.607,No,No,No,No,No,No,No,No,No,No,No,No,No,No,No
Luxury,1974,1974,It's Only Rock 'n' Roll,Virgin,Studio,6,301,Jagger/Richards,Jagger,0.251,0.567,0.95,0.00502,0.643,-4.742,0.0428,129.222,0.757,No,No,No,No,No,No,No,No,No,No,No,No,No,No,No
Mannish Boy ,1977,1977,Love You Live,Virgin,Live,1,384,Muddy Waters/Mel London/Bo Diddley,Jagger,0.716,0.326,0.794,0.0374,0.815,-4.868,0.0908,202.252,0.824,No,No,No,No,No,No,No,No,No,No,No,No,No,No,No
Mean Disposition,1994,1994,Voodoo Lounge,Virgin,Studio,15,248,Jagger/Richards,Jagger,0.126,0.358,0.914,0.379,0.203,-5.723,0.051,183.848,0.83,No,No,No,No,No,No,No,No,No,No,No,No,No,No,No
Melody,1975,1976,Black and Blue,Virgin,Studio,6,350,Jagger/Richards,Jagger,0.632,0.657,0.517,0.00139,0.241,-7.25,0.0417,81.915,0.574,No,No,No,No,No,No,No,No,No,No,No,No,No,No,No
Memory Motel,1975,1976,Black and Blue,Virgin,Studio,4,429,Jagger/Richards,"Jagger, Richards",0.783,0.357,0.62,3.52e-06,0.15,-6.03,0.0353,81.346,0.38,No,No,No,No,No,No,No,No,No,No,No,No,No,No,No
"Mercy, Mercy",1964,1965,Out of Our Heads,ABKCO Records,Studio,1,167,Don Covay/Ronnie Miller,Jagger,0.0495,0.711,0.636,0.674,0.0806,-9.935,0.0457,117.807,0.784,No,No,No,No,No,No,No,No,No,No,No,No,No,No,No
Midnight Rambler,1969,1969,Get Yer Ya-Ya's Out!,ABKCO Records,Live,5,544,Jagger/Richards,Jagger,0.0533,0.251,0.871,0.0835,0.59,-4.472,0.0579,167.464,0.562,No,No,No,No,No,No,No,No,No,No,No,No,No,No,No
Might As Well Get Juiced,1997,1997,Bridges to Babylon,Virgin,Studio,9,323,Jagger/Richards,Jagger,0.00331,0.467,0.905,0.0504,0.195,-6.441,0.0785,169.387,0.565,No,No,No,No,No,No,No,No,No,No,No,No,No,No,No
Miss Amanda Jones,1966,1967,Between the Buttons,ABKCO Records,Studio,11,168,Jagger/Richards,Jagger,0.162,0.462,0.828,0.0,0.175,-10.693,0.0642,79.766,0.828,No,No,No,No,No,No,No,No,No,No,No,No,No,No,No
Miss You,1977,1978,Flashpoint,Virgin,Live,4,355,Jagger/Richards,Jagger,0.421,0.797,0.718,0.00678,0.236,-4.747,0.0423,109.688,0.811,Yes,03.06. 1978,3rd,13th,1st,3rd,No,1st,12th,2nd,1st,11th,1st,No,RIAA: Gold
Mixed Emotions,1989,1989,Steel Wheels,Virgin,Studio,2,278,Jagger/Richards,Jagger,0.0995,0.493,0.956,0.000295,0.83,-4.257,0.0429,137.091,0.831,Yes,02.09. 1989,36th,5th,No,No,25th,5th,20th,9th,41th,24th,1st,39th,No
Mona (I Need You Baby),1964,1964,"The Rolling Stones, Now!",ABKCO Records,Studio,6,215,Bo Diddley,Jagger,0.070066667,0.694333333,0.662666667,0.000245667,0.0942,-10.67733333,0.127666667,98.93166667,0.421333333,No,No,No,No,No,No,No,No,No,No,No,No,No,No,No
Monkey Man,1969,1969,Let It Bleed,ABKCO Records,Studio,8,251,Jagger/Richards,Jagger,0.536,0.424,0.761,0.0383,0.083,-9.185,0.0358,102.1,0.58,No,No,No,No,No,No,No,No,No,No,No,No,No,No,No
Moon Is Up,1994,1994,Voodoo Lounge,Virgin,Studio,6,221,Jagger/Richards,Jagger,0.0808,0.649,0.645,0.171,0.161,-8.184,0.0275,116.135,0.559,No,No,No,No,No,No,No,No,No,No,No,No,No,No,No
Moonlight Mile,1970,1971,Sticky Fingers,Virgin,Studio,10,357,Jagger/Richards,Jagger,0.575,0.417,0.5,0.0883,0.102,-6.449,0.0263,130.531,0.241,No,No,No,No,No,No,No,No,No,No,No,No,No,No,No
Mother's Little Helper,1965,1966,Flowers,ABKCO Records,Compilation,9,167,Jagger/Richards,Jagger,0.017,0.582,0.545,4.05e-06,0.229,-11.677,0.0298,101.691,0.721,No,No,No,No,4th,4th,No,8th,9th,7th,24th,No,14th,No,No
My Girl,1965,1967,Flowers,ABKCO Records,Compilation,6,159,Smokey Robinson/Ronald White,Jagger,0.679,0.589,0.567,0.175,0.335,-7.774,0.0342,110.531,0.731,No,No,No,No,No,No,No,No,No,No,No,No,No,No,No
My Obsession,1966,1967,Between the Buttons,ABKCO Records,Studio,8,198,Jagger/Richards,Jagger,0.226,0.644,0.788,2.26e-06,0.0633,-8.871,0.0755,144.056,0.595,No,No,No,No,No,No,No,No,No,No,No,No,No,No,No
The Nearness Of You ,2002,2004,Live Licks,Virgin,Live,17,274,Hoagy Carmichael/Ned Washington,Richards,0.187,0.522415777,0.769,0.00691,0.2045,-6.493,0.0429,118.944,0.668,No,No,No,No,No,No,No,No,No,No,No,No,No,No,No
Neighbours,1980,1981,Tattoo You,Virgin,Studio,6,213,Jagger/Richards,Jagger,0.17,0.431,0.94,0.00155,0.315,-5.868,0.0775,166.156,0.759,No,No,No,No,No,No,No,No,No,No,No,No,No,No,No
New Faces,1994,1994,Voodoo Lounge,Virgin,Studio,5,171,Jagger/Richards,Jagger,0.357,0.531,0.48,0.0,0.333,-10.536,0.0268,110.446,0.664,No,No,No,No,No,No,No,No,No,No,No,No,No,No,No
No Expectations,1968,1968,Beggars Banquet,ABKCO Records,Studio,2,236,Jagger/Richards,Jagger,0.568,0.468,0.285,0.0146,0.138,-12.944,0.0267,92.415,0.301,No,No,No,No,No,No,No,No,No,No,No,No,No,No,No
No Use In Crying,1980,1981,Tattoo You,Virgin,Studio,10,205,Jagger/Richards/Wood,Jagger,0.58,0.636,0.455,0.000523,0.159,-6.493,0.0338,143.853,0.432,No,No,No,No,No,No,No,No,No,No,No,No,No,No,No
Not Fade Away,1964,1964,Got Live If You Want It!,ABKCO Records / Universal,Live,4,124,Buddy Holly/Norman Petty,Jagger,0.00632,0.754,0.834,0.559,0.129,-9.944,0.0491,113.289,0.915,Yes,04.03. 1964,3rd,15th,44th,58th,No,48th,No,No,No,No,No,No,No
Off The Hook,1964,1965,"The Rolling Stones, Now!",ABKCO Records,Studio,8,155,Jagger/Richards,Jagger,0.169,0.632,0.618,2.17e-06,0.163,-11.015,0.0303,76.641,0.864,No,No,No,No,No,No,No,No,No,No,No,No,No,No,No
"Oh, Baby (We Got A Good Thing Going)",1964,1965,"The Rolling Stones, Now!",ABKCO Records,Studio,10,129,Barbara Lynn Ozen,Jagger,0.187,0.522415777,0.769,0.00691,0.2045,-6.493,0.0429,118.944,0.668,No,No,No,No,No,No,No,No,No,No,No,No,No,No,No
"Oh No, Not You Again",2005,2005,A Bigger Bang,Virgin,Studio,10,226,Jagger/Richards,Jagger,0.0119,0.48,0.984,0.0,0.31,-2.31,0.0937,140.402,0.495,No,No,No,No,No,No,No,No,No,No,No,No,No,No,No
On With The Show,1967,1967,Their Satanic Majesties Request,ABKCO Records,Studio,10,219,Jagger/Richards,Jagger,0.671,0.532,0.858,7.41e-06,0.488,-11.19,0.223,114.351,0.59,No,No,No,No,No,No,No,No,No,No,No,No,No,No,No
One Hit (To The Body),1985,1986,Dirty Work,Virgin,Studio,1,284,Jagger/Richards,Jagger,0.147,0.587,0.965,4.76e-05,0.62,-3.719,0.105,138.312,0.637,Yes,31.05. 1986,80th,2nd,No,No,34th,28th,No,50th,No,No,26th,No,No
One More Try,1965,1965,Out of Our Heads,ABKCO Records,Studio,12,118,Jagger/Richards,Jagger,0.0362,0.522,0.811,0.463,0.301,-9.364,0.07,177.706,0.91,No,No,No,No,No,No,No,No,No,No,No,No,No,No,No
Out Of Control,1997,1997,No Security,Virgin,Live,14,477,Jagger/Richards,Jagger,0.325,0.742,0.56,0.0378,0.538,-7.905,0.0424,122.202,0.715,Yes,22.08. 1998,51th,2nd,No,No,No,No,No,No,No,No,No,12th,No
Out Of Tears,1993,1994,Voodoo Lounge,Virgin,Studio,7,327,Jagger/Richards,Jagger,0.378,0.388,0.472,0.000934,0.135,-7.121,0.0285,144.354,0.137,Yes,10.12. 1994,36th,6th,No,No,No,60th,No,37th,38th,No,3rd,No,No
Out Of Time,1966,1966,Flowers,ABKCO Records,Compilation,5,222,Jagger/Richards,Jagger,0.663,0.653,0.618,0.0,0.134,-10.852,0.0744,126.73,0.705,Yes,20.09. 1975,45th,2nd,65th,88th,No,81th,No,No,No,No,No,No,No
Pain In My Heart,1964,1965,"The Rolling Stones, Now!",ABKCO Records,Studio,9,132,Allen Toussaint (under the pseudonym Naomi Neville),Jagger,0.618,0.463,0.555,0.799,0.136,-8.952,0.0371,176.858,0.825,No,No,No,No,No,No,No,No,No,No,No,No,No,No,No
Paint It Black,1966,1966,Live Licks,Virgin,Live,3,225,Jagger/Richards,Jagger,0.0569,0.482,0.8,0.00223,0.387,-9.278,0.0916,158.81,0.569,Yes,02.06. 2007,70th,11th,1st,1st,No,1st,2nd,1st,8th,No,1st,No,"GER: Gold, UK: 2Ã— Platinum"
Parachute Woman,1968,1968,Beggars Banquet,ABKCO Records,Studio,4,140,Jagger/Richards,Jagger,0.501,0.514,0.624,0.322,0.114,-9.668,0.0541,114.058,0.857,No,No,No,No,No,No,No,No,No,No,No,No,No,No,No
Play With Fire,1965,1965,Out of Our Heads,ABKCO Records,Studio,10,135,Jagger/Richards,Jagger,0.238,0.574,0.413,0.000298,0.242,-9.548,0.0269,108.719,0.0876,No,No,No,No,No,No,No,No,No,No,No,No,No,No,No
Please Go Home,1966,1967,Flowers,ABKCO Records,Compilation,8,199,Jagger/Richards,Jagger,0.599,0.495,0.735,0.00043,0.215,-8.561,0.0408,112.167,0.736,No,No,No,No,No,No,No,No,No,No,No,No,No,No,No
Pretty Beat Up,1983,1983,Undercover,Universal,Studio,7,245,Jagger/Richards/Wood,Jagger,0.0623,0.565,0.951,0.657,0.273,-3.804,0.0393,97.337,0.737,No,No,No,No,No,No,No,No,No,No,No,No,No,No,No
Prodigal Son,1968,1968,Beggars Banquet,ABKCO Records,Studio,7,172,Rev. Robert Wilkins,Jagger,0.559,0.604,0.567,0.0074,0.137,-10.563,0.0627,107.86,0.108,No,No,No,No,No,No,No,No,No,No,No,No,No,No,No
Rain Fall Down,2004,2005,A Bigger Bang,Virgin,Studio,4,293,Jagger/Richards,Jagger,0.00178,0.651,0.862,0.00856,0.104,-5.871,0.0565,98.013,0.5,Yes,17.12. 2005,33th,3rd,No,No,No,No,80th,31th,No,77th,No,37th,No
Respectable,1977,1978,No Security,Virgin,Live,11,199,Jagger/Richards,Jagger,0.129,0.456,0.992,0.902,0.0677,-2.732,0.0639,152.204,0.889,Yes,30.09. 1978,23th,9th,No,No,No,No,No,18th,No,No,No,No,No
Ride 'Em On Down,2015,2016,Blue & Lonesome,Interscope / Polydor,Studio,7,168,Eddie Taylor,Jagger,0.14,0.508,0.949,0.0149,0.376,-4.203,0.0866,116.004,0.726,No,No,No,No,No,No,No,No,No,No,No,No,No,No,No
"Ride On, Baby",1965,1967,Flowers,ABKCO Records,Compilation,11,173,Jagger/Richards,Jagger,0.187,0.522415777,0.769,0.00691,0.2045,-6.493,0.0429,118.944,0.668,No,No,No,No,No,No,No,No,No,No,No,No,No,No,No
Rip This Joint,1971,1972,Exile on Main St.,Virgin,Studio,2,142,Jagger/Richards,Jagger,0.0387,0.383,0.954,0.00294,0.401,-3.659,0.0734,108.597,0.689,No,No,No,No,No,No,No,No,No,No,No,No,No,No,No
Rock And A Hard Place,1989,1989,Flashpoint,Virgin,Live,5,291,Jagger/Richards,Jagger,0.00934,0.598,0.957,5.36e-05,0.0902,-4.391,0.0451,129.082,0.864,Yes,25.11. 1989,63th,3rd,No,No,99th,23th,No,23th,No,No,10th,No,No
Rock Me Baby ,2002,2004,Live Licks,Virgin,Live,20,230,B.B. King/Joe Bihari,Jagger,0.187,0.522415777,0.769,0.00691,0.2045,-6.493,0.0429,118.944,0.668,No,No,No,No,No,No,No,No,No,No,No,No,No,No,No
Rocks Off,1971,1972,Exile on Main St.,Virgin,Studio,1,273,Jagger/Richards,Jagger,0.0639,0.485,0.943,0.179,0.144,-4.423,0.0416,141.982,0.889,No,No,No,No,No,No,No,No,No,No,13th,No,No,No,No
Rough Justice,2004,2005,A Bigger Bang,Virgin,Studio,1,191,Jagger/Richards,Jagger,0.00317,0.41,0.891,9.95e-05,0.202,-3.125,0.0581,137.976,0.559,No,No,No,No,No,No,No,No,No,No,No,No,No,No,No
Ruby Tuesday,1966,1967,Flowers,ABKCO Records,Compilation,1,197,Jagger/Richards,Jagger,0.834,0.518,0.543,0.0,0.2,-10.766,0.0297,104.528,0.579,No,No,No,No,1st,1st,No,3rd,1st,No,No,3rd,2nd,No,RIAA: Gold
Sad Sad Sad,1989,1989,Flashpoint,Virgin,Live,3,212,Jagger/Richards,Jagger,0.0105,0.396,0.993,0.533,0.579,-3.815,0.0797,152.268,0.531,No,No,No,No,No,No,No,No,No,71th,No,No,No,No,No
Saint Of Me,1997,1997,No Security,Virgin,Live,7,317,Jagger/Richards,Jagger,0.0049,0.671,0.918,0.0443,0.0895,-5.775,0.0504,121.541,0.494,Yes,07.02. 1998,26th,2nd,No,No,No,94th,68th,52th,No,No,24th,25th,No
Salt Of The Earth,1968,1968,Beggars Banquet,ABKCO Records,Studio,10,287,Jagger/Richards,"Jagger, Richards",0.321,0.363,0.787,1.23e-06,0.28,-7.363,0.0454,94.011,0.378,No,No,No,No,No,No,No,No,No,No,No,No,No,No,No
Send It To Me,1979,1980,Emotional Rescue,Universal,Studio,3,222,Jagger/Richards,Jagger,0.104,0.768,0.799,0.0768,0.155,-6.079,0.0831,94.268,0.731,No,No,No,No,No,No,No,No,No,No,No,No,No,No,No
Sex Drive,1991,1991,Flashpoint,Virgin,Live,17,267,Jagger/Richards,Jagger,0.019345,0.6055,0.948,0.002235,0.295,-6.022,0.09165,109.812,0.854,No,No,No,No,No,No,133th,No,No,24th,No,No,No,No,No
Shake Your Hips,1971,1972,Exile on Main St.,Virgin,Studio,3,179,Slim Harpo,Jagger,0.69,0.374,0.787,0.831,0.203,-7.054,0.0617,180.496,0.763,No,No,No,No,No,No,No,No,No,No,No,No,No,No,No
Shattered,1977,1978,Shine a Light,Interscope,Live,2,246,Jagger/Richards,Jagger,0.46,0.737,0.943,1.35e-05,0.124,-2.63,0.146,140.398,0.749,No,No,No,No,27th,31th,No,31th,No,No,No,No,32th,No,No
She Said Yeah,1965,1965,December's Children (And Everybody's),ABKCO Records,Studio,1,95,Sonny Bono/Roddy Jackson,Jagger,0.0315,0.421,0.83,0.0234,0.0482,-7.818,0.0631,111.124,0.835,No,No,No,No,No,No,No,No,No,No,No,No,No,No,No
She Saw Me Coming,2004,2005,A Bigger Bang,Virgin,Studio,7,192,Jagger/Richards,Jagger,0.159,0.501,0.931,0.0,0.357,-2.386,0.0472,94.228,0.854,No,No,No,No,No,No,No,No,No,No,No,No,No,No,No
She Smiled Sweetly,1966,1967,Between the Buttons,ABKCO Records,Studio,5,165,Jagger/Richards,Jagger,0.0814,0.345,0.292,0.00259,0.122,-11.961,0.0986,190.043,0.267,No,No,No,No,No,No,No,No,No,No,No,No,No,No,No
She Was Hot,1982,1983,Shine a Light,Interscope,Live,3,284,Jagger/Richards,Jagger,0.0314,0.487,0.966,0.0949,0.0914,-4.29,0.0577,151.781,0.721,Yes,11.02. 1984,42th,4th,No,No,60th,44th,54th,18th,No,No,No,No,No
She's So Cold,1979,1980,Emotional Rescue,Universal,Studio,9,253,Jagger/Richards,Jagger,0.4,0.756,0.843,0.0104,0.0654,-5.315,0.0476,139.51,0.841,Yes,04.10. 1980,33th,6th,No,No,49th,26th,No,23th,No,No,11th,No,No
Shine A Light,1970,1972,Exile on Main St.,Virgin,Studio,17,257,Jagger/Richards,Jagger,0.522,0.365,0.839,0.000469,0.292,-5.148,0.0691,81.772,0.575,No,No,No,No,No,No,No,No,No,No,No,No,No,No,No
Short And Curlies,1974,1974,It's Only Rock 'n' Roll,Virgin,Studio,9,163,Jagger/Richards,Jagger,0.484,0.463,0.768,0.106,0.658,-4.493,0.0424,118.77,0.896,No,No,No,No,No,No,No,No,No,No,No,No,No,No,No
Silver Train,1973,1973,Goats Head Soup,Interscope / Polydor,Studio,6,266,Jagger/Richards,Jagger,0.259,0.467,0.903,0.0553,0.492,-5.159,0.0369,147.406,0.869,No,No,No,No,No,No,No,No,No,No,No,No,No,No,No
Sing This All Together,1967,1967,Their Satanic Majesties Request,ABKCO Records,Studio,1,226,Jagger/Richards,Jagger,0.781,0.572,0.707,0.000844,0.537,-12.124,0.0501,121.9,0.554,No,No,No,No,No,No,No,No,No,No,No,No,No,No,No
The Singer Not The Song,1965,1965,December's Children (And Everybody's),ABKCO Records,Studio,5,143,Jagger/Richards,Jagger,0.0465,0.718,0.589,0.000201,0.0926,-9.169,0.0293,110.783,0.853,No,No,No,No,No,No,No,No,No,No,No,No,No,No,No
Sister Morphine,1969,1971,Sticky Fingers,Virgin,Studio,8,334,Jagger/Richards/Marianne Faithfull,Jagger,0.0943,0.395,0.579,0.0925,0.176,-7.565,0.0341,90.443,0.218,No,No,No,No,No,No,No,No,No,No,No,No,No,No,No
Sittin' On A Fence,1965,1967,Flowers,ABKCO Records,Compilation,12,182,Jagger/Richards,Jagger,0.243,0.631,0.455,6.51e-05,0.141,-9.942,0.0251,101.881,0.631,No,No,No,No,No,No,No,No,No,No,No,No,No,No,No
Slave,1981,1981,Tattoo You,Virgin,Studio,3,392,Jagger/Richards,Jagger,0.115,0.564,0.862,0.308,0.0493,-6.398,0.0428,133.242,0.847,No,No,No,No,No,No,No,No,No,No,No,No,No,No,No
Sleep Tonight,1985,1986,Dirty Work,Virgin,Studio,10,313,Jagger/Richards,Jagger,0.0653,0.389,0.652,0.000106,0.273,-5.291,0.0298,147.954,0.335,No,No,No,No,No,No,No,No,No,No,No,No,No,No,No
Slipping Away,1989,1989,Stripped,Virgin,Live,10,295,Jagger/Richards,Richards,0.215,0.562,0.762,1.05e-06,0.421,-6.06,0.0256,101.922,0.616,No,No,No,No,No,No,No,No,No,No,No,No,No,No,No
Some Girls,1977,1978,Shine a Light,Interscope,Live,7,259,Jagger/Richards,Jagger,0.538,0.483,0.925,0.452,0.51,-2.701,0.08,72.179,0.581,No,No,No,No,No,No,No,No,No,No,No,No,No,No,No
Something Happened To Me Yesterday,1966,1967,Between the Buttons,ABKCO Records,Studio,12,295,Jagger/Richards,"Jagger, Richards",0.766,0.629,0.531,0.0,0.367,-9.261,0.117,144.114,0.583,No,No,No,No,No,No,No,No,No,No,No,No,No,No,No
Soul Survivor,1971,1972,Exile on Main St.,Virgin,Studio,18,229,Jagger/Richards,Jagger,0.183,0.337,0.919,0.186,0.286,-3.94,0.0431,114.748,0.525,No,No,No,No,No,No,No,No,No,No,No,No,No,No,No
Sparks Will Fly,1993,1994,Voodoo Lounge,Virgin,Studio,3,196,Jagger/Richards,Jagger,0.00589,0.426,0.956,0.00174,0.284,-4.151,0.102,154.886,0.664,No,No,No,No,No,No,No,No,No,No,No,No,57th,No,No
The Spider And The Fly,1965,1965,Stripped,Virgin,Live,5,208,Jagger/Richards,Jagger,0.12,0.737,0.458,0.182,0.0713,-10.681,0.0322,98.39,0.909,No,No,No,No,No,No,No,No,No,No,No,No,No,No,No
Star Star,1972,1973,Goats Head Soup,Interscope / Polydor,Studio,10,263,Jagger/Richards,Jagger,0.0967,0.455,0.961,0.00236,0.978,-4.345,0.0777,149.063,0.804,No,No,No,No,No,No,No,No,32th,21th,2nd,7th,No,No,No
Start Me Up,1979,1981,Shine a Light,Interscope,Live,16,245,Jagger/Richards,Jagger,0.0436,0.631,0.932,0.137,0.0918,-4.142,0.0354,122.429,0.971,Yes,29.08. 1981,7th,9th,No,No,1st,2nd,36th,5th,9th,5th,2nd,No,"UK: Platinum, ITA: Gold"
Stop Breaking Down,1971,1972,Exile on Main St.,Virgin,Studio,16,274,Robert Johnson,Jagger,0.509,0.522,0.891,0.908,0.111,-4.085,0.0322,104.411,0.91,No,No,No,No,No,No,No,No,No,No,No,No,No,No,No
Stray Cat Blues,1968,1968,Get Yer Ya-Ya's Out!,ABKCO Records,Live,3,226,Jagger/Richards,Jagger,0.0227,0.346,0.797,0.00212,0.0834,-9.335,0.0522,104.924,0.427,No,No,No,No,No,No,No,No,No,No,No,No,No,No,No
Streets Of Love,2004,2005,A Bigger Bang,Virgin,Studio,5,310,Jagger/Richards,Jagger,0.0416,0.434,0.603,6.44e-06,0.653,-4.995,0.0312,81.755,0.213,No,No,No,No,No,No,No,No,15th,5th,No,21th,No,21th,No
Stupid Girl,1965,1966,Aftermath,ABKCO Records,Studio,2,175,Jagger/Richards,Jagger,0.188,0.7,0.811,0.55,0.256,-11.837,0.0589,130.895,0.891,No,No,No,No,No,No,No,No,No,No,No,No,No,No,No
Suck On The Jugular,1993,1994,Voodoo Lounge,Virgin,Studio,11,267,Jagger/Richards,Jagger,0.0974,0.477,0.896,0.0526,0.0521,-5.999,0.0644,102.591,0.726,No,No,No,No,No,No,No,No,No,No,No,No,No,No,No
Summer Romance,1979,1980,Emotional Rescue,Universal,Studio,2,196,Jagger/Richards,Jagger,0.073,0.334,0.975,0.269,0.291,-3.134,0.188,170.035,0.62,No,No,No,No,No,No,No,No,No,No,No,No,No,No,No
"Surprise, Surprise",1964,1965,"The Rolling Stones, Now!",ABKCO Records,Studio,12,151,Jagger/Richards,Jagger,0.03,0.75,0.882,5.48e-06,0.109,-8.842,0.0762,107.69,0.939,No,No,No,No,No,No,No,No,No,No,No,No,No,No,No
Susie Q,1964,1964,The Rolling Stones No.2,Decca,Studio,12,110,Dale Hawkins/Stan Lewis/Eleanore Broadwater,Jagger,0.0354,0.502,0.752,0.638,0.158,-9.028,0.0372,81.103,0.968,No,No,No,No,No,No,No,No,No,No,No,No,No,No,No
Sway,1970,1971,Sticky Fingers,Virgin,Studio,2,233,Jagger/Richards,Jagger,0.221,0.33,0.895,0.737,0.408,-3.435,0.0399,144.945,0.54,No,No,No,No,No,No,No,No,No,No,No,No,No,No,No
Sweet Black Angel,1971,1972,Exile on Main St.,Virgin,Studio,8,178,Jagger/Richards,Jagger,0.65,0.498,0.728,0.000172,0.114,-7.387,0.0373,174.33,0.609,No,No,No,No,No,No,No,No,No,No,21th,No,No,No,No
Sweet Neo Con,2004,2005,A Bigger Bang,Virgin,Studio,13,273,Jagger/Richards,Jagger,0.0684,0.72,0.859,0.000773,0.553,-3.696,0.0378,113.065,0.898,No,No,No,No,No,No,No,No,No,No,No,No,No,No,No
Sweet Virginia,1971,1972,Exile on Main St.,Virgin,Studio,6,266,Jagger/Richards,Jagger,0.502,0.477,0.74,1.31e-06,0.263,-5.397,0.0446,107.384,0.56,No,No,No,No,No,No,No,No,No,No,No,No,No,No,No
Sweethearts Together,1993,1994,Voodoo Lounge,Virgin,Studio,10,285,Jagger/Richards,Jagger,0.0643,0.667,0.574,2.52e-05,0.153,-7.793,0.0271,127.325,0.632,No,No,No,No,No,No,No,No,No,No,No,No,No,No,No
Sympathy For The Devil,1968,1968,Love You Live,Virgin,Live,8,467,Jagger/Richards,Jagger,0.565,0.566,0.673,1.13e-06,0.0438,-10.814,0.306,114.385,0.583,Yes,13.09. 2003,14th,7th,No,No,No,No,No,No,No,No,No,No,"GER: Gold, UK: Platinum"
Take It Or Leave It,1965,1966,Flowers,ABKCO Records,Compilation,10,167,Jagger/Richards,Jagger,0.154,0.648,0.538,0.000125,0.165,-12.537,0.0283,104.408,0.763,No,No,No,No,No,No,No,No,No,No,No,No,No,No,No
Talkin' About You,1965,1965,December's Children (And Everybody's),ABKCO Records,Studio,2,151,Chuck Berry,Jagger,0.114,0.668,0.637,0.000418,0.0603,-8.337,0.037,120.292,0.833,No,No,No,No,No,No,No,No,No,No,No,No,No,No,No
Terrifying,1989,1989,Steel Wheels,Virgin,Studio,3,293,Jagger/Richards,Jagger,0.0273,0.607,0.925,0.0153,0.315,-5.484,0.0468,143.029,0.913,Yes,11.08. 1990,82th,2nd,No,No,No,No,No,58th,No,No,No,No,No
That's How Strong My Love Is,1965,1965,Out of Our Heads,ABKCO Records,Studio,4,145,Roosevelt Jamison,Jagger,0.00151,0.431,0.596,0.00407,0.0642,-9.121,0.0269,96.711,0.541,No,No,No,No,No,No,No,No,No,No,No,No,No,No,No
Thief In The Night,1997,1997,No Security,Virgin,Live,12,337,Jagger/Richards/Pierre de Beauport,Richards,0.282,0.517,0.565,0.000604,0.379,-7.602,0.0245,90.639,0.588,No,No,No,No,No,No,No,No,No,No,No,No,No,No,No
Think,1965,1966,Aftermath,ABKCO Records,Studio,6,190,Jagger/Richards,Jagger,0.00464,0.61,0.612,0.0592,0.167,-11.976,0.0435,133.006,0.636,No,No,No,No,No,No,No,No,No,No,No,No,No,No,No
This Place Is Empty,2004,2005,A Bigger Bang,Virgin,Studio,9,196,Jagger/Richards,Richards,0.281,0.592,0.669,1.48e-06,0.185,-6.291,0.0264,90.209,0.51,No,No,No,No,No,No,No,No,No,No,No,No,No,No,No
Thru And Thru,1993,1994,Voodoo Lounge,Virgin,Studio,14,375,Jagger/Richards,Richards,0.722,0.386,0.316,1.22e-05,0.0862,-9.595,0.0308,83.51,0.191,No,No,No,No,No,No,No,No,No,No,No,No,No,No,No
Tie You Up (The Pain Of Love),1982,1983,Undercover,Universal,Studio,3,256,Jagger/Richards,Jagger,0.232,0.61,0.946,0.013,0.372,-4.487,0.0884,117.339,0.82,No,No,No,No,No,No,No,No,No,No,No,No,No,No,No
Till The Next Goodbye,1973,1974,It's Only Rock 'n' Roll,Virgin,Studio,4,276,Jagger/Richards,Jagger,0.658,0.473,0.576,1.59e-05,0.0938,-6.872,0.0293,138.344,0.518,No,No,No,No,No,No,No,No,No,No,No,No,No,No,No
Time Is On My Side,1964,1964,Got Live If You Want It!,ABKCO Records / Universal,Live,9,169,Norman Meade/Jimmy Norman,Jagger,0.344,0.23,0.844,0.0,0.0715,-7.577,0.18,217.578,0.404,Yes,02.10. 1982,62th,2nd,6th,28th,No,6th,10th,11th,4th,3rd,No,No,No
Time Waits For No One,1973,1974,It's Only Rock 'n' Roll,Virgin,Studio,5,398,Jagger/Richards,Jagger,0.0784,0.533,0.781,0.000273,0.063,-4.602,0.0316,118.316,0.815,No,No,No,No,No,No,No,No,No,No,No,No,No,No,No
Too Much Blood,1982,1983,Undercover,Universal,Studio,6,374,Jagger/Richards,Jagger,0.0148,0.592,0.909,0.177,0.0571,-5.887,0.0512,116.439,0.479,No,No,No,No,No,No,No,No,No,No,No,No,No,No,No
Too Rude,1985,1986,Dirty Work,Virgin,Studio,5,193,Lindon Roberts,Richards,0.262,0.625,0.822,2.54e-05,0.0245,-5.25,0.0723,164.531,0.846,No,No,No,No,No,No,No,No,No,No,No,No,No,No,No
Too Tight,1997,1997,Bridges to Babylon,Virgin,Studio,11,217,Jagger/Richards,Jagger,0.000294,0.331,0.912,0.367,0.127,-4.828,0.0453,150.397,0.582,No,No,No,No,No,No,No,No,No,No,No,No,No,No,No
Too Tough,1982,1983,Undercover,Universal,Studio,8,231,Jagger/Richards,Jagger,0.0131,0.542,0.947,0.0706,0.48,-4.611,0.0453,139.708,0.641,No,No,No,No,No,No,No,No,No,No,No,No,No,No,No
Tops,1979,1981,Tattoo You,Virgin,Studio,8,227,Jagger/Richards,Jagger,0.108,0.599,0.715,4.75e-05,0.0834,-7.107,0.0429,80.541,0.714,No,No,No,No,No,No,No,No,No,No,No,No,No,No,No
Torn And Frayed,1971,1972,Exile on Main St.,Virgin,Studio,7,258,Jagger/Richards,"Jagger, Richards",0.664,0.454,0.766,0.904,0.594,-3.862,0.0272,90.677,0.776,No,No,No,No,No,No,No,No,No,No,No,No,No,No,No
Tumbling Dice,1971,1972,Exile on Main St.,Virgin,Studio,5,227,Jagger/Richards,Jagger,0.315,0.4,0.897,0.000418,0.588,-4.685,0.0582,115.635,0.758,Yes,29.04. 1972,5th,8th,10th,4th,No,7th,17th,5th,No,No,7th,No,No
Turd On The Run,1971,1972,Exile on Main St.,Virgin,Studio,11,158,Jagger/Richards,Jagger,0.65,0.517,0.781,0.977,0.341,-6.33,0.0405,119.364,0.742,No,No,No,No,No,No,No,No,No,No,No,No,No,No,No
Twenty Flight Rock ,1981,1982,Still Life,Virgin,Live,5,108,Eddie Cochran/Nelda Fairchild,Jagger,0.187,0.522415777,0.769,0.00691,0.2045,-6.493,0.0429,118.944,0.668,No,No,No,No,No,No,No,No,No,No,No,No,No,No,No
The Under Assistant West Coast Promotion Man,1965,1965,Out of Our Heads,ABKCO Records,Studio,9,187,Nanker Phelge[a],Jagger,0.0888,0.575,0.673,2.76e-06,0.222,-7.811,0.0347,136.974,0.625,No,No,No,No,No,No,No,No,No,No,No,No,No,No,No
Under My Thumb,1966,1966,Got Live If You Want It!,ABKCO Records / Universal,Live,1,174,Jagger/Richards,Jagger,0.307,0.733,0.487,0.172,0.0887,-13.462,0.0417,126.994,0.782,No,No,No,No,No,No,No,No,No,No,No,No,No,No,No
Under The Boardwalk,1964,1964,The Rolling Stones No.2,Decca,Studio,8,166,Kenny Young/Arthur Rednick,Jagger,0.604,0.699,0.481,0.0,0.225,-9.971,0.038,119.032,0.575,No,No,No,No,No,No,No,No,No,No,No,No,No,No,No
Undercover Of The Night,1982,1983,Undercover,Universal,Studio,1,273,Jagger/Richards,Jagger,0.187,0.522415777,0.769,0.00691,0.2045,-6.493,0.0429,118.944,0.668,Yes,12.11. 1983,11th,11th,No,No,27th,9th,20th,4th,13th,18th,14th,20th,No
Ventilator Blues,1971,1972,Exile on Main St.,Virgin,Studio,12,204,Jagger/Richards/Taylor,Jagger,0.6,0.618,0.678,0.723,0.501,-5.199,0.0316,133.453,0.79,No,No,No,No,No,No,No,No,No,No,No,No,No,No,No
Waiting On A Friend,1972,1981,No Security,Virgin,Live,8,292,Jagger/Richards,Jagger,0.157,0.606,0.794,0.0406,0.568,-6.042,0.0282,116.93,0.911,Yes,12.12. 1981,50th,6th,No,No,44th,13th,No,17th,No,No,10th,No,No
Wanna Hold You,1982,1983,Undercover,Universal,Studio,4,232,Jagger/Richards,Richards,0.244,0.441,0.959,0.000873,0.431,-4.508,0.113,154.861,0.727,No,No,No,No,No,No,No,No,No,No,No,No,No,No,No
What A Shame,1964,1965,"The Rolling Stones, Now!",ABKCO Records,Studio,5,186,Jagger/Richards,Jagger,0.165,0.68,0.565,0.148,0.14,-10.131,0.0298,127.011,0.89,No,No,No,No,No,No,No,No,No,No,No,No,No,No,No
When The Whip Comes Down,1977,1978,Some Girls,Universal,Studio,2,260,Jagger/Richards,Jagger,0.423,0.501,0.986,0.902,0.205,-1.845,0.0505,130.577,0.821,No,No,No,No,No,No,No,No,No,No,No,No,No,No,No
Where The Boys Go,1979,1980,Emotional Rescue,Universal,Studio,6,209,Jagger/Richards,Jagger,0.266,0.49,0.993,0.583,0.786,-3.498,0.136,160.399,0.821,No,No,No,No,No,No,No,No,No,No,No,No,No,No,No
Who's Been Sleeping Here,1966,1967,Between the Buttons,ABKCO Records,Studio,9,231,Jagger/Richards,Jagger,0.187,0.522415777,0.769,0.00691,0.2045,-6.493,0.0429,118.944,0.668,No,No,No,No,No,No,No,No,No,No,No,No,No,No,No
Wild Horses,1969,1971,Sticky Fingers,Virgin,Studio,3,344,Jagger/Richards,Jagger,0.687,0.432,0.389,0.0107,0.0788,-6.517,0.0255,139.506,0.158,No,No,No,No,18th,21th,No,28th,No,No,No,No,11th,No,UK: Gold
Winning Ugly,1985,1986,Dirty Work,Virgin,Studio,6,272,Jagger/Richards,Jagger,0.342,0.541,0.935,0.00404,0.693,-2.991,0.0827,134.071,0.642,No,No,No,No,No,No,No,No,No,No,No,No,No,No,No
Winter,1972,1973,Goats Head Soup,Interscope / Polydor,Studio,8,329,Jagger/Richards,Jagger,0.155,0.393,0.597,0.403,0.285,-6.395,0.0307,74.941,0.516,No,No,No,No,No,No,No,No,No,No,No,No,No,No,No
Worried About You,1974,1981,Tattoo You,Virgin,Studio,7,317,Jagger/Richards,Jagger,0.105,0.428,0.636,0.000923,0.0865,-6.891,0.033,85.121,0.374,No,No,No,No,No,No,No,No,No,No,No,No,No,No,No
The Worst,1993,1994,Voodoo Lounge,Virgin,Studio,4,144,Jagger/Richards,Richards,0.147,0.486,0.451,0.000541,0.295,-10.86,0.033,69.393,0.24,No,No,No,No,No,No,No,No,No,No,No,No,No,No,No
Yesterday's Papers,1966,1967,Between the Buttons,ABKCO Records,Studio,2,125,Jagger/Richards,Jagger,0.139,0.601,0.569,0.0,0.238,-8.074,0.0316,139.804,0.189,No,No,No,No,No,No,No,No,No,No,No,No,No,No,No
You Better Move On,1963,1964,December's Children (And Everybody's),ABKCO Records,Studio,3,160,Arthur Alexander,Jagger,0.448,0.619,0.664,0.0,0.244,-8.147,0.0295,115.814,0.736,No,No,No,No,No,No,No,No,No,No,No,No,No,No,No
You Can't Always Get What You Want,1968,1969,Let It Bleed,ABKCO Records,Studio,9,448,Jagger/Richards,Jagger,0.115,0.364,0.929,0.00893,0.745,-4.521,0.142,141.693,0.509,No,No,No,No,34th,36th,No,42th,No,No,No,No,No,No,No
You Can't Catch Me,1964,1965,"The Rolling Stones, Now!",ABKCO Records,Studio,3,220,Chuck Berry,Jagger,0.0611,0.659,0.872,0.00354,0.348,-11.355,0.0478,104.217,0.84,No,No,No,No,No,No,No,No,No,No,No,No,No,No,No
You Don't Have To Mean It,1997,1997,Bridges to Babylon,Virgin,Studio,6,223,Jagger/Richards,Richards,0.275,0.683,0.681,0.0,0.0675,-6.493,0.0386,129.679,0.901,No,No,No,No,No,No,No,No,No,No,No,No,No,No,No
You Got Me Rocking,1993,1994,No Security,Virgin,Live,2,208,Jagger/Richards,Jagger,0.000947,0.501,0.789,0.0361,0.267,-3.633,0.0372,126.253,0.653,Yes,08.10. 1994,23th,3rd,No,No,No,No,No,39th,No,No,29th,32th,No
You Got The Silver,1969,1969,Let It Bleed,ABKCO Records,Studio,7,170,Jagger/Richards,Richards,0.776,0.476,0.391,0.0208,0.228,-10.989,0.0529,101.482,0.545,No,No,No,No,No,No,No,No,No,No,No,No,No,No,No
You Gotta Move,1969,1971,Sticky Fingers,Virgin,Studio,5,153,Fred McDowell/Gary Davis,Jagger,0.724,0.439,0.422,0.203,0.152,-8.384,0.0312,70.283,0.564,No,No,No,No,No,No,No,No,No,No,No,No,No,No,No
